"YEAR","DATA_VALUE","CATEGORY","INDICATOR_NAME","INDICATOR_TYPE"
2007,3.21219882797119,"Commercial","AVGANNUAL_DIESEL_PRICE2025dols","Socioeconomic"
2008,4.35786402472278,"Commercial","AVGANNUAL_DIESEL_PRICE2025dols","Socioeconomic"
2009,2.47276398848173,"Commercial","AVGANNUAL_DIESEL_PRICE2025dols","Socioeconomic"
2010,3.15924918274219,"Commercial","AVGANNUAL_DIESEL_PRICE2025dols","Socioeconomic"
2011,4.24929666149238,"Commercial","AVGANNUAL_DIESEL_PRICE2025dols","Socioeconomic"
2012,4.30566411615728,"Commercial","AVGANNUAL_DIESEL_PRICE2025dols","Socioeconomic"
2013,4.09637975244547,"Commercial","AVGANNUAL_DIESEL_PRICE2025dols","Socioeconomic"
2014,3.74288766503832,"Commercial","AVGANNUAL_DIESEL_PRICE2025dols","Socioeconomic"
2015,2.19719688639984,"Commercial","AVGANNUAL_DIESEL_PRICE2025dols","Socioeconomic"
2016,1.77771508988375,"Commercial","AVGANNUAL_DIESEL_PRICE2025dols","Socioeconomic"
2017,2.13444232211611,"Commercial","AVGANNUAL_DIESEL_PRICE2025dols","Socioeconomic"
2018,2.64856356561865,"Commercial","AVGANNUAL_DIESEL_PRICE2025dols","Socioeconomic"
2019,2.4047790334215,"Commercial","AVGANNUAL_DIESEL_PRICE2025dols","Socioeconomic"
2020,1.52418053947343,"Commercial","AVGANNUAL_DIESEL_PRICE2025dols","Socioeconomic"
2021,2.42134808862254,"Commercial","AVGANNUAL_DIESEL_PRICE2025dols","Socioeconomic"
2022,4.06263780027963,"Commercial","AVGANNUAL_DIESEL_PRICE2025dols","Socioeconomic"
2023,2.97994523982588,"Commercial","AVGANNUAL_DIESEL_PRICE2025dols","Socioeconomic"
2024,2.48982736241947,"Commercial","AVGANNUAL_DIESEL_PRICE2025dols","Socioeconomic"
2025,2.329,"Commercial","AVGANNUAL_DIESEL_PRICE2025dols","Socioeconomic"
1996,2.46050228026312,"Commercial","AVGPRICE_AMERICANPLAICE_2025_DOLlb","Socioeconomic"
1997,2.56012750968679,"Commercial","AVGPRICE_AMERICANPLAICE_2025_DOLlb","Socioeconomic"
1998,2.61449453148447,"Commercial","AVGPRICE_AMERICANPLAICE_2025_DOLlb","Socioeconomic"
1999,2.37248320554362,"Commercial","AVGPRICE_AMERICANPLAICE_2025_DOLlb","Socioeconomic"
2000,1.98201531936071,"Commercial","AVGPRICE_AMERICANPLAICE_2025_DOLlb","Socioeconomic"
2001,1.86625713647496,"Commercial","AVGPRICE_AMERICANPLAICE_2025_DOLlb","Socioeconomic"
2002,2.13976372040637,"Commercial","AVGPRICE_AMERICANPLAICE_2025_DOLlb","Socioeconomic"
2003,2.20256497486453,"Commercial","AVGPRICE_AMERICANPLAICE_2025_DOLlb","Socioeconomic"
2004,2.17068739330249,"Commercial","AVGPRICE_AMERICANPLAICE_2025_DOLlb","Socioeconomic"
2005,2.26773281892479,"Commercial","AVGPRICE_AMERICANPLAICE_2025_DOLlb","Socioeconomic"
2006,2.77423893701712,"Commercial","AVGPRICE_AMERICANPLAICE_2025_DOLlb","Socioeconomic"
2007,2.58497391951478,"Commercial","AVGPRICE_AMERICANPLAICE_2025_DOLlb","Socioeconomic"
2008,2.51831469879581,"Commercial","AVGPRICE_AMERICANPLAICE_2025_DOLlb","Socioeconomic"
2009,2.14583712253889,"Commercial","AVGPRICE_AMERICANPLAICE_2025_DOLlb","Socioeconomic"
2010,2.2807093690282,"Commercial","AVGPRICE_AMERICANPLAICE_2025_DOLlb","Socioeconomic"
2011,2.17130318340948,"Commercial","AVGPRICE_AMERICANPLAICE_2025_DOLlb","Socioeconomic"
2012,2.32356779061695,"Commercial","AVGPRICE_AMERICANPLAICE_2025_DOLlb","Socioeconomic"
2013,2.40584449380335,"Commercial","AVGPRICE_AMERICANPLAICE_2025_DOLlb","Socioeconomic"
2014,2.43706917414519,"Commercial","AVGPRICE_AMERICANPLAICE_2025_DOLlb","Socioeconomic"
2015,2.48686518726208,"Commercial","AVGPRICE_AMERICANPLAICE_2025_DOLlb","Socioeconomic"
2016,3.22858777665729,"Commercial","AVGPRICE_AMERICANPLAICE_2025_DOLlb","Socioeconomic"
2017,3.03922820869301,"Commercial","AVGPRICE_AMERICANPLAICE_2025_DOLlb","Socioeconomic"
2018,2.78827369682281,"Commercial","AVGPRICE_AMERICANPLAICE_2025_DOLlb","Socioeconomic"
2019,2.54027545981774,"Commercial","AVGPRICE_AMERICANPLAICE_2025_DOLlb","Socioeconomic"
2020,2.20032559443945,"Commercial","AVGPRICE_AMERICANPLAICE_2025_DOLlb","Socioeconomic"
2021,2.2789690996806,"Commercial","AVGPRICE_AMERICANPLAICE_2025_DOLlb","Socioeconomic"
2022,2.10414347763344,"Commercial","AVGPRICE_AMERICANPLAICE_2025_DOLlb","Socioeconomic"
2023,1.57316781192766,"Commercial","AVGPRICE_AMERICANPLAICE_2025_DOLlb","Socioeconomic"
2024,1.77951779814442,"Commercial","AVGPRICE_AMERICANPLAICE_2025_DOLlb","Socioeconomic"
2025,2.04708669101956,"Commercial","AVGPRICE_AMERICANPLAICE_2025_DOLlb","Socioeconomic"
1996,34150.6862144327,"Commercial","AVGVESREVperYr_AMERICANPLAICE_2025_DOLlb","Socioeconomic"
1997,30966.2369462483,"Commercial","AVGVESREVperYr_AMERICANPLAICE_2025_DOLlb","Socioeconomic"
1998,28404.6740470771,"Commercial","AVGVESREVperYr_AMERICANPLAICE_2025_DOLlb","Socioeconomic"
1999,25293.3683218281,"Commercial","AVGVESREVperYr_AMERICANPLAICE_2025_DOLlb","Socioeconomic"
2000,26404.6543143913,"Commercial","AVGVESREVperYr_AMERICANPLAICE_2025_DOLlb","Socioeconomic"
2001,25739.687354805,"Commercial","AVGVESREVperYr_AMERICANPLAICE_2025_DOLlb","Socioeconomic"
2002,23992.8389215219,"Commercial","AVGVESREVperYr_AMERICANPLAICE_2025_DOLlb","Socioeconomic"
2003,17161.0743992445,"Commercial","AVGVESREVperYr_AMERICANPLAICE_2025_DOLlb","Socioeconomic"
2004,12692.1874598711,"Commercial","AVGVESREVperYr_AMERICANPLAICE_2025_DOLlb","Socioeconomic"
2005,12500.074566401,"Commercial","AVGVESREVperYr_AMERICANPLAICE_2025_DOLlb","Socioeconomic"
2006,14398.8632467821,"Commercial","AVGVESREVperYr_AMERICANPLAICE_2025_DOLlb","Socioeconomic"
2007,12824.612815555,"Commercial","AVGVESREVperYr_AMERICANPLAICE_2025_DOLlb","Socioeconomic"
2008,15762.352022754,"Commercial","AVGVESREVperYr_AMERICANPLAICE_2025_DOLlb","Socioeconomic"
2009,14342.9097211157,"Commercial","AVGVESREVperYr_AMERICANPLAICE_2025_DOLlb","Socioeconomic"
2010,19379.5403769365,"Commercial","AVGVESREVperYr_AMERICANPLAICE_2025_DOLlb","Socioeconomic"
2011,22118.7075232091,"Commercial","AVGVESREVperYr_AMERICANPLAICE_2025_DOLlb","Socioeconomic"
2012,27815.6511592812,"Commercial","AVGVESREVperYr_AMERICANPLAICE_2025_DOLlb","Socioeconomic"
2013,31288.9739599039,"Commercial","AVGVESREVperYr_AMERICANPLAICE_2025_DOLlb","Socioeconomic"
2014,32977.8967071061,"Commercial","AVGVESREVperYr_AMERICANPLAICE_2025_DOLlb","Socioeconomic"
2015,39263.3441012659,"Commercial","AVGVESREVperYr_AMERICANPLAICE_2025_DOLlb","Socioeconomic"
2016,49672.4871710507,"Commercial","AVGVESREVperYr_AMERICANPLAICE_2025_DOLlb","Socioeconomic"
2017,47850.9793042907,"Commercial","AVGVESREVperYr_AMERICANPLAICE_2025_DOLlb","Socioeconomic"
2018,43797.1101455282,"Commercial","AVGVESREVperYr_AMERICANPLAICE_2025_DOLlb","Socioeconomic"
2019,38958.8090402732,"Commercial","AVGVESREVperYr_AMERICANPLAICE_2025_DOLlb","Socioeconomic"
2020,21184.3793354299,"Commercial","AVGVESREVperYr_AMERICANPLAICE_2025_DOLlb","Socioeconomic"
2021,25530.0969739725,"Commercial","AVGVESREVperYr_AMERICANPLAICE_2025_DOLlb","Socioeconomic"
2022,24367.0126288881,"Commercial","AVGVESREVperYr_AMERICANPLAICE_2025_DOLlb","Socioeconomic"
2023,32764.1106181817,"Commercial","AVGVESREVperYr_AMERICANPLAICE_2025_DOLlb","Socioeconomic"
2024,47367.291342364,"Commercial","AVGVESREVperYr_AMERICANPLAICE_2025_DOLlb","Socioeconomic"
2025,68019.4315789474,"Commercial","AVGVESREVperYr_AMERICANPLAICE_2025_DOLlb","Socioeconomic"
1996,10036862,"Commercial","Commercial_AMERICANPLAICE_Landings_LBS","Socioeconomic"
1997,8835845,"Commercial","Commercial_AMERICANPLAICE_Landings_LBS","Socioeconomic"
1998,8254542,"Commercial","Commercial_AMERICANPLAICE_Landings_LBS","Socioeconomic"
1999,7074985,"Commercial","Commercial_AMERICANPLAICE_Landings_LBS","Socioeconomic"
2000,9555271,"Commercial","Commercial_AMERICANPLAICE_Landings_LBS","Socioeconomic"
2001,9957977,"Commercial","Commercial_AMERICANPLAICE_Landings_LBS","Socioeconomic"
2002,7692544,"Commercial","Commercial_AMERICANPLAICE_Landings_LBS","Socioeconomic"
2003,5492785,"Commercial","Commercial_AMERICANPLAICE_Landings_LBS","Socioeconomic"
2004,3868827,"Commercial","Commercial_AMERICANPLAICE_Landings_LBS","Socioeconomic"
2005,3062217,"Commercial","Commercial_AMERICANPLAICE_Landings_LBS","Socioeconomic"
2006,2493366,"Commercial","Commercial_AMERICANPLAICE_Landings_LBS","Socioeconomic"
2007,2247475,"Commercial","Commercial_AMERICANPLAICE_Landings_LBS","Socioeconomic"
2008,2487878,"Commercial","Commercial_AMERICANPLAICE_Landings_LBS","Socioeconomic"
2009,3209435,"Commercial","Commercial_AMERICANPLAICE_Landings_LBS","Socioeconomic"
2010,3136136,"Commercial","Commercial_AMERICANPLAICE_Landings_LBS","Socioeconomic"
2011,3063022,"Commercial","Commercial_AMERICANPLAICE_Landings_LBS","Socioeconomic"
2012,3396292,"Commercial","Commercial_AMERICANPLAICE_Landings_LBS","Socioeconomic"
2013,3130488,"Commercial","Commercial_AMERICANPLAICE_Landings_LBS","Socioeconomic"
2014,2974564,"Commercial","Commercial_AMERICANPLAICE_Landings_LBS","Socioeconomic"
2015,2871799,"Commercial","Commercial_AMERICANPLAICE_Landings_LBS","Socioeconomic"
2016,2470116,"Commercial","Commercial_AMERICANPLAICE_Landings_LBS","Socioeconomic"
2017,2725133,"Commercial","Commercial_AMERICANPLAICE_Landings_LBS","Socioeconomic"
2018,2453301,"Commercial","Commercial_AMERICANPLAICE_Landings_LBS","Socioeconomic"
2019,2176893,"Commercial","Commercial_AMERICANPLAICE_Landings_LBS","Socioeconomic"
2020,1524405,"Commercial","Commercial_AMERICANPLAICE_Landings_LBS","Socioeconomic"
2021,1476467,"Commercial","Commercial_AMERICANPLAICE_Landings_LBS","Socioeconomic"
2022,1540621,"Commercial","Commercial_AMERICANPLAICE_Landings_LBS","Socioeconomic"
2023,2573662,"Commercial","Commercial_AMERICANPLAICE_Landings_LBS","Socioeconomic"
2024,3023048,"Commercial","Commercial_AMERICANPLAICE_Landings_LBS","Socioeconomic"
2025,3334573,"Commercial","Commercial_AMERICANPLAICE_Landings_LBS","Socioeconomic"
1996,0.742942663778795,"Commercial","GINI_COEFF_AMERICANPLAICE","Socioeconomic"
1997,0.716976784289647,"Commercial","GINI_COEFF_AMERICANPLAICE","Socioeconomic"
1998,0.691530329537916,"Commercial","GINI_COEFF_AMERICANPLAICE","Socioeconomic"
1999,0.699172345667229,"Commercial","GINI_COEFF_AMERICANPLAICE","Socioeconomic"
2000,0.73321866191992,"Commercial","GINI_COEFF_AMERICANPLAICE","Socioeconomic"
2001,0.731995162382199,"Commercial","GINI_COEFF_AMERICANPLAICE","Socioeconomic"
2002,0.743748698583337,"Commercial","GINI_COEFF_AMERICANPLAICE","Socioeconomic"
2003,0.747914676017856,"Commercial","GINI_COEFF_AMERICANPLAICE","Socioeconomic"
2004,0.758494782014072,"Commercial","GINI_COEFF_AMERICANPLAICE","Socioeconomic"
2005,0.759612562732981,"Commercial","GINI_COEFF_AMERICANPLAICE","Socioeconomic"
2006,0.77855754756179,"Commercial","GINI_COEFF_AMERICANPLAICE","Socioeconomic"
2007,0.806260917208285,"Commercial","GINI_COEFF_AMERICANPLAICE","Socioeconomic"
2008,0.839978758641863,"Commercial","GINI_COEFF_AMERICANPLAICE","Socioeconomic"
2009,0.818487790668317,"Commercial","GINI_COEFF_AMERICANPLAICE","Socioeconomic"
2010,0.825536963325819,"Commercial","GINI_COEFF_AMERICANPLAICE","Socioeconomic"
2011,0.797523362916578,"Commercial","GINI_COEFF_AMERICANPLAICE","Socioeconomic"
2012,0.769165018680135,"Commercial","GINI_COEFF_AMERICANPLAICE","Socioeconomic"
2013,0.756728573849495,"Commercial","GINI_COEFF_AMERICANPLAICE","Socioeconomic"
2014,0.716822886764063,"Commercial","GINI_COEFF_AMERICANPLAICE","Socioeconomic"
2015,0.7001493854751,"Commercial","GINI_COEFF_AMERICANPLAICE","Socioeconomic"
2016,0.669628665240492,"Commercial","GINI_COEFF_AMERICANPLAICE","Socioeconomic"
2017,0.709439236740028,"Commercial","GINI_COEFF_AMERICANPLAICE","Socioeconomic"
2018,0.749238098191853,"Commercial","GINI_COEFF_AMERICANPLAICE","Socioeconomic"
2019,0.727011821144946,"Commercial","GINI_COEFF_AMERICANPLAICE","Socioeconomic"
2020,0.717029439478721,"Commercial","GINI_COEFF_AMERICANPLAICE","Socioeconomic"
2021,0.683282317347789,"Commercial","GINI_COEFF_AMERICANPLAICE","Socioeconomic"
2022,0.690990808049415,"Commercial","GINI_COEFF_AMERICANPLAICE","Socioeconomic"
2023,0.607719752484165,"Commercial","GINI_COEFF_AMERICANPLAICE","Socioeconomic"
2024,0.643237206471586,"Commercial","GINI_COEFF_AMERICANPLAICE","Socioeconomic"
2025,0.657805579545969,"Commercial","GINI_COEFF_AMERICANPLAICE","Socioeconomic"
1996,747,"Commercial","N_Commercial_Vessels_Landing_AMERICANPLAICE","Socioeconomic"
1997,730,"Commercial","N_Commercial_Vessels_Landing_AMERICANPLAICE","Socioeconomic"
1998,709,"Commercial","N_Commercial_Vessels_Landing_AMERICANPLAICE","Socioeconomic"
1999,657,"Commercial","N_Commercial_Vessels_Landing_AMERICANPLAICE","Socioeconomic"
2000,681,"Commercial","N_Commercial_Vessels_Landing_AMERICANPLAICE","Socioeconomic"
2001,666,"Commercial","N_Commercial_Vessels_Landing_AMERICANPLAICE","Socioeconomic"
2002,633,"Commercial","N_Commercial_Vessels_Landing_AMERICANPLAICE","Socioeconomic"
2003,629,"Commercial","N_Commercial_Vessels_Landing_AMERICANPLAICE","Socioeconomic"
2004,613,"Commercial","N_Commercial_Vessels_Landing_AMERICANPLAICE","Socioeconomic"
2005,538,"Commercial","N_Commercial_Vessels_Landing_AMERICANPLAICE","Socioeconomic"
2006,465,"Commercial","N_Commercial_Vessels_Landing_AMERICANPLAICE","Socioeconomic"
2007,450,"Commercial","N_Commercial_Vessels_Landing_AMERICANPLAICE","Socioeconomic"
2008,430,"Commercial","N_Commercial_Vessels_Landing_AMERICANPLAICE","Socioeconomic"
2009,408,"Commercial","N_Commercial_Vessels_Landing_AMERICANPLAICE","Socioeconomic"
2010,357,"Commercial","N_Commercial_Vessels_Landing_AMERICANPLAICE","Socioeconomic"
2011,296,"Commercial","N_Commercial_Vessels_Landing_AMERICANPLAICE","Socioeconomic"
2012,282,"Commercial","N_Commercial_Vessels_Landing_AMERICANPLAICE","Socioeconomic"
2013,238,"Commercial","N_Commercial_Vessels_Landing_AMERICANPLAICE","Socioeconomic"
2014,226,"Commercial","N_Commercial_Vessels_Landing_AMERICANPLAICE","Socioeconomic"
2015,197,"Commercial","N_Commercial_Vessels_Landing_AMERICANPLAICE","Socioeconomic"
2016,174,"Commercial","N_Commercial_Vessels_Landing_AMERICANPLAICE","Socioeconomic"
2017,190,"Commercial","N_Commercial_Vessels_Landing_AMERICANPLAICE","Socioeconomic"
2018,170,"Commercial","N_Commercial_Vessels_Landing_AMERICANPLAICE","Socioeconomic"
2019,146,"Commercial","N_Commercial_Vessels_Landing_AMERICANPLAICE","Socioeconomic"
2020,152,"Commercial","N_Commercial_Vessels_Landing_AMERICANPLAICE","Socioeconomic"
2021,128,"Commercial","N_Commercial_Vessels_Landing_AMERICANPLAICE","Socioeconomic"
2022,130,"Commercial","N_Commercial_Vessels_Landing_AMERICANPLAICE","Socioeconomic"
2023,133,"Commercial","N_Commercial_Vessels_Landing_AMERICANPLAICE","Socioeconomic"
2024,130,"Commercial","N_Commercial_Vessels_Landing_AMERICANPLAICE","Socioeconomic"
2025,108,"Commercial","N_Commercial_Vessels_Landing_AMERICANPLAICE","Socioeconomic"
1996,56,"Commercial","N_PERMITS_50PCT_REV_AMERICANPLAICE","Socioeconomic"
1997,62,"Commercial","N_PERMITS_50PCT_REV_AMERICANPLAICE","Socioeconomic"
1998,69,"Commercial","N_PERMITS_50PCT_REV_AMERICANPLAICE","Socioeconomic"
1999,63,"Commercial","N_PERMITS_50PCT_REV_AMERICANPLAICE","Socioeconomic"
2000,52,"Commercial","N_PERMITS_50PCT_REV_AMERICANPLAICE","Socioeconomic"
2001,55,"Commercial","N_PERMITS_50PCT_REV_AMERICANPLAICE","Socioeconomic"
2002,49,"Commercial","N_PERMITS_50PCT_REV_AMERICANPLAICE","Socioeconomic"
2003,48,"Commercial","N_PERMITS_50PCT_REV_AMERICANPLAICE","Socioeconomic"
2004,39,"Commercial","N_PERMITS_50PCT_REV_AMERICANPLAICE","Socioeconomic"
2005,37,"Commercial","N_PERMITS_50PCT_REV_AMERICANPLAICE","Socioeconomic"
2006,30,"Commercial","N_PERMITS_50PCT_REV_AMERICANPLAICE","Socioeconomic"
2007,20,"Commercial","N_PERMITS_50PCT_REV_AMERICANPLAICE","Socioeconomic"
2008,14,"Commercial","N_PERMITS_50PCT_REV_AMERICANPLAICE","Socioeconomic"
2009,19,"Commercial","N_PERMITS_50PCT_REV_AMERICANPLAICE","Socioeconomic"
2010,16,"Commercial","N_PERMITS_50PCT_REV_AMERICANPLAICE","Socioeconomic"
2011,16,"Commercial","N_PERMITS_50PCT_REV_AMERICANPLAICE","Socioeconomic"
2012,19,"Commercial","N_PERMITS_50PCT_REV_AMERICANPLAICE","Socioeconomic"
2013,18,"Commercial","N_PERMITS_50PCT_REV_AMERICANPLAICE","Socioeconomic"
2014,19,"Commercial","N_PERMITS_50PCT_REV_AMERICANPLAICE","Socioeconomic"
2015,18,"Commercial","N_PERMITS_50PCT_REV_AMERICANPLAICE","Socioeconomic"
2016,18,"Commercial","N_PERMITS_50PCT_REV_AMERICANPLAICE","Socioeconomic"
2017,17,"Commercial","N_PERMITS_50PCT_REV_AMERICANPLAICE","Socioeconomic"
2018,12,"Commercial","N_PERMITS_50PCT_REV_AMERICANPLAICE","Socioeconomic"
2019,13,"Commercial","N_PERMITS_50PCT_REV_AMERICANPLAICE","Socioeconomic"
2020,15,"Commercial","N_PERMITS_50PCT_REV_AMERICANPLAICE","Socioeconomic"
2021,14,"Commercial","N_PERMITS_50PCT_REV_AMERICANPLAICE","Socioeconomic"
2022,13,"Commercial","N_PERMITS_50PCT_REV_AMERICANPLAICE","Socioeconomic"
2023,16,"Commercial","N_PERMITS_50PCT_REV_AMERICANPLAICE","Socioeconomic"
2024,13,"Commercial","N_PERMITS_50PCT_REV_AMERICANPLAICE","Socioeconomic"
2025,12,"Commercial","N_PERMITS_50PCT_REV_AMERICANPLAICE","Socioeconomic"
1996,23388713.2988556,"Commercial","TOTALANNUALREV_AMERICANPLAICE_2025Dols","Socioeconomic"
1997,21165847.6155588,"Commercial","TOTALANNUALREV_AMERICANPLAICE_2025Dols","Socioeconomic"
1998,18986586.7461314,"Commercial","TOTALANNUALREV_AMERICANPLAICE_2025Dols","Socioeconomic"
1999,15475549.1334186,"Commercial","TOTALANNUALREV_AMERICANPLAICE_2025Dols","Socioeconomic"
2000,17081767.9274045,"Commercial","TOTALANNUALREV_AMERICANPLAICE_2025Dols","Socioeconomic"
2001,16429542.5782006,"Commercial","TOTALANNUALREV_AMERICANPLAICE_2025Dols","Socioeconomic"
2002,14785446.408944,"Commercial","TOTALANNUALREV_AMERICANPLAICE_2025Dols","Socioeconomic"
2003,10502577.5323377,"Commercial","TOTALANNUALREV_AMERICANPLAICE_2025Dols","Socioeconomic"
2004,7305662.11521437,"Commercial","TOTALANNUALREV_AMERICANPLAICE_2025Dols","Socioeconomic"
2005,6357235.12182561,"Commercial","TOTALANNUALREV_AMERICANPLAICE_2025Dols","Socioeconomic"
2006,6426027.74078436,"Commercial","TOTALANNUALREV_AMERICANPLAICE_2025Dols","Socioeconomic"
2007,5303062.63069511,"Commercial","TOTALANNUALREV_AMERICANPLAICE_2025Dols","Socioeconomic"
2008,6096966.60283357,"Commercial","TOTALANNUALREV_AMERICANPLAICE_2025Dols","Socioeconomic"
2009,5652616.22212184,"Commercial","TOTALANNUALREV_AMERICANPLAICE_2025Dols","Socioeconomic"
2010,6465207.16776936,"Commercial","TOTALANNUALREV_AMERICANPLAICE_2025Dols","Socioeconomic"
2011,6017430.97482455,"Commercial","TOTALANNUALREV_AMERICANPLAICE_2025Dols","Socioeconomic"
2012,7162124.40161401,"Commercial","TOTALANNUALREV_AMERICANPLAICE_2025Dols","Socioeconomic"
2013,6678031.97009507,"Commercial","TOTALANNUALREV_AMERICANPLAICE_2025Dols","Socioeconomic"
2014,6575324.58928405,"Commercial","TOTALANNUALREV_AMERICANPLAICE_2025Dols","Socioeconomic"
2015,6959669.4786518,"Commercial","TOTALANNUALREV_AMERICANPLAICE_2025Dols","Socioeconomic"
2016,7722374.67095218,"Commercial","TOTALANNUALREV_AMERICANPLAICE_2025Dols","Socioeconomic"
2017,8098500.80079004,"Commercial","TOTALANNUALREV_AMERICANPLAICE_2025Dols","Socioeconomic"
2018,6670774.00604176,"Commercial","TOTALANNUALREV_AMERICANPLAICE_2025Dols","Socioeconomic"
2019,5194692.10608319,"Commercial","TOTALANNUALREV_AMERICANPLAICE_2025Dols","Socioeconomic"
2020,2957474.16891289,"Commercial","TOTALANNUALREV_AMERICANPLAICE_2025Dols","Socioeconomic"
2021,3001227.60233361,"Commercial","TOTALANNUALREV_AMERICANPLAICE_2025Dols","Socioeconomic"
2022,2756686.49777571,"Commercial","TOTALANNUALREV_AMERICANPLAICE_2025Dols","Socioeconomic"
2023,3579726.84967699,"Commercial","TOTALANNUALREV_AMERICANPLAICE_2025Dols","Socioeconomic"
2024,5088191.08217007,"Commercial","TOTALANNUALREV_AMERICANPLAICE_2025Dols","Socioeconomic"
2025,6470177,"Commercial","TOTALANNUALREV_AMERICANPLAICE_2025Dols","Socioeconomic"
